fold,split,case_id
0,train,BraTS20_Training_001
0,train,BraTS20_Training_002
0,train,BraTS20_Training_003
0,train,BraTS20_Training_004
0,train,BraTS20_Training_005
0,train,BraTS20_Training_006
0,train,BraTS20_Training_007
0,train,BraTS20_Training_008
0,train,BraTS20_Training_009
0,train,BraTS20_Training_010
0,train,BraTS20_Training_015
0,train,BraTS20_Training_016
0,train,BraTS20_Training_017
0,train,BraTS20_Training_018
0,train,BraTS20_Training_024
0,train,BraTS20_Training_025
0,train,BraTS20_Training_026
0,train,BraTS20_Training_030
0,train,BraTS20_Training_031
0,train,BraTS20_Training_033
0,train,BraTS20_Training_034
0,train,BraTS20_Training_035
0,train,BraTS20_Training_037
0,train,BraTS20_Training_038
0,train,BraTS20_Training_040
0,train,BraTS20_Training_043
0,train,BraTS20_Training_045
0,train,BraTS20_Training_046
0,train,BraTS20_Training_048
0,train,BraTS20_Training_052
0,train,BraTS20_Training_054
0,train,BraTS20_Training_055
0,train,BraTS20_Training_057
0,train,BraTS20_Training_059
0,train,BraTS20_Training_060
0,train,BraTS20_Training_061
0,train,BraTS20_Training_062
0,train,BraTS20_Training_063
0,train,BraTS20_Training_064
0,train,BraTS20_Training_066
0,train,BraTS20_Training_067
0,train,BraTS20_Training_070
0,train,BraTS20_Training_076
0,train,BraTS20_Training_078
0,train,BraTS20_Training_079
0,train,BraTS20_Training_080
0,train,BraTS20_Training_081
0,train,BraTS20_Training_082
0,train,BraTS20_Training_083
0,train,BraTS20_Training_084
0,train,BraTS20_Training_085
0,train,BraTS20_Training_087
0,train,BraTS20_Training_092
0,train,BraTS20_Training_093
0,train,BraTS20_Training_094
0,train,BraTS20_Training_095
0,train,BraTS20_Training_096
0,train,BraTS20_Training_097
0,train,BraTS20_Training_102
0,train,BraTS20_Training_103
0,train,BraTS20_Training_105
0,train,BraTS20_Training_106
0,train,BraTS20_Training_108
0,train,BraTS20_Training_109
0,train,BraTS20_Training_110
0,train,BraTS20_Training_112
0,train,BraTS20_Training_115
0,train,BraTS20_Training_118
0,train,BraTS20_Training_120
0,train,BraTS20_Training_121
0,train,BraTS20_Training_122
0,train,BraTS20_Training_123
0,train,BraTS20_Training_124
0,train,BraTS20_Training_125
0,train,BraTS20_Training_126
0,train,BraTS20_Training_127
0,train,BraTS20_Training_128
0,train,BraTS20_Training_130
0,train,BraTS20_Training_135
0,train,BraTS20_Training_139
0,train,BraTS20_Training_140
0,train,BraTS20_Training_141
0,train,BraTS20_Training_142
0,train,BraTS20_Training_143
0,train,BraTS20_Training_144
0,train,BraTS20_Training_146
0,train,BraTS20_Training_147
0,train,BraTS20_Training_148
0,train,BraTS20_Training_152
0,train,BraTS20_Training_154
0,train,BraTS20_Training_156
0,train,BraTS20_Training_157
0,train,BraTS20_Training_158
0,train,BraTS20_Training_159
0,train,BraTS20_Training_160
0,train,BraTS20_Training_162
0,train,BraTS20_Training_163
0,train,BraTS20_Training_164
0,train,BraTS20_Training_165
0,train,BraTS20_Training_166
0,train,BraTS20_Training_167
0,train,BraTS20_Training_168
0,train,BraTS20_Training_170
0,train,BraTS20_Training_172
0,train,BraTS20_Training_173
0,train,BraTS20_Training_176
0,train,BraTS20_Training_177
0,train,BraTS20_Training_178
0,train,BraTS20_Training_179
0,train,BraTS20_Training_180
0,train,BraTS20_Training_182
0,train,BraTS20_Training_183
0,train,BraTS20_Training_186
0,train,BraTS20_Training_188
0,train,BraTS20_Training_189
0,train,BraTS20_Training_190
0,train,BraTS20_Training_192
0,train,BraTS20_Training_193
0,train,BraTS20_Training_195
0,train,BraTS20_Training_198
0,train,BraTS20_Training_199
0,train,BraTS20_Training_200
0,train,BraTS20_Training_201
0,train,BraTS20_Training_202
0,train,BraTS20_Training_204
0,train,BraTS20_Training_208
0,train,BraTS20_Training_209
0,train,BraTS20_Training_210
0,train,BraTS20_Training_212
0,train,BraTS20_Training_213
0,train,BraTS20_Training_217
0,train,BraTS20_Training_219
0,train,BraTS20_Training_220
0,train,BraTS20_Training_222
0,train,BraTS20_Training_225
0,train,BraTS20_Training_227
0,train,BraTS20_Training_230
0,train,BraTS20_Training_232
0,train,BraTS20_Training_233
0,train,BraTS20_Training_234
0,train,BraTS20_Training_235
0,train,BraTS20_Training_237
0,train,BraTS20_Training_238
0,train,BraTS20_Training_240
0,train,BraTS20_Training_241
0,train,BraTS20_Training_242
0,train,BraTS20_Training_246
0,train,BraTS20_Training_247
0,train,BraTS20_Training_248
0,train,BraTS20_Training_249
0,train,BraTS20_Training_250
0,train,BraTS20_Training_252
0,train,BraTS20_Training_253
0,train,BraTS20_Training_254
0,train,BraTS20_Training_255
0,train,BraTS20_Training_256
0,train,BraTS20_Training_257
0,train,BraTS20_Training_258
0,train,BraTS20_Training_259
0,train,BraTS20_Training_261
0,train,BraTS20_Training_262
0,train,BraTS20_Training_263
0,train,BraTS20_Training_264
0,train,BraTS20_Training_265
0,train,BraTS20_Training_267
0,train,BraTS20_Training_268
0,train,BraTS20_Training_269
0,train,BraTS20_Training_270
0,train,BraTS20_Training_271
0,train,BraTS20_Training_275
0,train,BraTS20_Training_276
0,train,BraTS20_Training_277
0,train,BraTS20_Training_278
0,train,BraTS20_Training_279
0,train,BraTS20_Training_280
0,train,BraTS20_Training_281
0,train,BraTS20_Training_282
0,train,BraTS20_Training_283
0,train,BraTS20_Training_284
0,train,BraTS20_Training_286
0,train,BraTS20_Training_288
0,train,BraTS20_Training_290
0,train,BraTS20_Training_291
0,train,BraTS20_Training_292
0,train,BraTS20_Training_294
0,train,BraTS20_Training_295
0,train,BraTS20_Training_298
0,train,BraTS20_Training_302
0,train,BraTS20_Training_303
0,train,BraTS20_Training_305
0,train,BraTS20_Training_306
0,train,BraTS20_Training_307
0,train,BraTS20_Training_309
0,train,BraTS20_Training_310
0,train,BraTS20_Training_311
0,train,BraTS20_Training_313
0,train,BraTS20_Training_314
0,train,BraTS20_Training_315
0,train,BraTS20_Training_316
0,train,BraTS20_Training_317
0,train,BraTS20_Training_318
0,train,BraTS20_Training_319
0,train,BraTS20_Training_320
0,train,BraTS20_Training_321
0,train,BraTS20_Training_322
0,train,BraTS20_Training_323
0,train,BraTS20_Training_324
0,train,BraTS20_Training_325
0,train,BraTS20_Training_326
0,train,BraTS20_Training_327
0,train,BraTS20_Training_329
0,train,BraTS20_Training_331
0,train,BraTS20_Training_332
0,train,BraTS20_Training_333
0,train,BraTS20_Training_334
0,train,BraTS20_Training_336
0,train,BraTS20_Training_338
0,train,BraTS20_Training_339
0,train,BraTS20_Training_340
0,train,BraTS20_Training_342
0,train,BraTS20_Training_345
0,train,BraTS20_Training_346
0,train,BraTS20_Training_347
0,train,BraTS20_Training_348
0,train,BraTS20_Training_350
0,train,BraTS20_Training_351
0,train,BraTS20_Training_353
0,train,BraTS20_Training_355
0,train,BraTS20_Training_357
0,train,BraTS20_Training_358
0,train,BraTS20_Training_361
0,train,BraTS20_Training_362
0,train,BraTS20_Training_363
0,train,BraTS20_Training_364
0,train,BraTS20_Training_365
0,train,BraTS20_Training_367
0,val,BraTS20_Training_013
0,val,BraTS20_Training_014
0,val,BraTS20_Training_022
0,val,BraTS20_Training_027
0,val,BraTS20_Training_044
0,val,BraTS20_Training_047
0,val,BraTS20_Training_050
0,val,BraTS20_Training_058
0,val,BraTS20_Training_065
0,val,BraTS20_Training_068
0,val,BraTS20_Training_071
0,val,BraTS20_Training_072
0,val,BraTS20_Training_073
0,val,BraTS20_Training_075
0,val,BraTS20_Training_077
0,val,BraTS20_Training_090
0,val,BraTS20_Training_091
0,val,BraTS20_Training_099
0,val,BraTS20_Training_117
0,val,BraTS20_Training_119
0,val,BraTS20_Training_129
0,val,BraTS20_Training_132
0,val,BraTS20_Training_133
0,val,BraTS20_Training_134
0,val,BraTS20_Training_136
0,val,BraTS20_Training_151
0,val,BraTS20_Training_169
0,val,BraTS20_Training_171
0,val,BraTS20_Training_184
0,val,BraTS20_Training_185
0,val,BraTS20_Training_194
0,val,BraTS20_Training_197
0,val,BraTS20_Training_206
0,val,BraTS20_Training_211
0,val,BraTS20_Training_215
0,val,BraTS20_Training_216
0,val,BraTS20_Training_218
0,val,BraTS20_Training_221
0,val,BraTS20_Training_228
0,val,BraTS20_Training_231
0,val,BraTS20_Training_236
0,val,BraTS20_Training_243
0,val,BraTS20_Training_245
0,val,BraTS20_Training_260
0,val,BraTS20_Training_272
0,val,BraTS20_Training_273
0,val,BraTS20_Training_274
0,val,BraTS20_Training_287
0,val,BraTS20_Training_289
0,val,BraTS20_Training_293
0,val,BraTS20_Training_296
0,val,BraTS20_Training_297
0,val,BraTS20_Training_300
0,val,BraTS20_Training_312
0,val,BraTS20_Training_335
0,val,BraTS20_Training_337
0,val,BraTS20_Training_344
0,val,BraTS20_Training_359
0,val,BraTS20_Training_366
1,train,BraTS20_Training_001
1,train,BraTS20_Training_002
1,train,BraTS20_Training_003
1,train,BraTS20_Training_004
1,train,BraTS20_Training_005
1,train,BraTS20_Training_006
1,train,BraTS20_Training_007
1,train,BraTS20_Training_008
1,train,BraTS20_Training_009
1,train,BraTS20_Training_013
1,train,BraTS20_Training_014
1,train,BraTS20_Training_015
1,train,BraTS20_Training_016
1,train,BraTS20_Training_022
1,train,BraTS20_Training_027
1,train,BraTS20_Training_030
1,train,BraTS20_Training_031
1,train,BraTS20_Training_033
1,train,BraTS20_Training_034
1,train,BraTS20_Training_035
1,train,BraTS20_Training_037
1,train,BraTS20_Training_040
1,train,BraTS20_Training_043
1,train,BraTS20_Training_044
1,train,BraTS20_Training_046
1,train,BraTS20_Training_047
1,train,BraTS20_Training_048
1,train,BraTS20_Training_050
1,train,BraTS20_Training_052
1,train,BraTS20_Training_054
1,train,BraTS20_Training_055
1,train,BraTS20_Training_058
1,train,BraTS20_Training_059
1,train,BraTS20_Training_061
1,train,BraTS20_Training_063
1,train,BraTS20_Training_064
1,train,BraTS20_Training_065
1,train,BraTS20_Training_066
1,train,BraTS20_Training_068
1,train,BraTS20_Training_070
1,train,BraTS20_Training_071
1,train,BraTS20_Training_072
1,train,BraTS20_Training_073
1,train,BraTS20_Training_075
1,train,BraTS20_Training_076
1,train,BraTS20_Training_077
1,train,BraTS20_Training_078
1,train,BraTS20_Training_079
1,train,BraTS20_Training_080
1,train,BraTS20_Training_081
1,train,BraTS20_Training_082
1,train,BraTS20_Training_083
1,train,BraTS20_Training_084
1,train,BraTS20_Training_085
1,train,BraTS20_Training_090
1,train,BraTS20_Training_091
1,train,BraTS20_Training_092
1,train,BraTS20_Training_095
1,train,BraTS20_Training_097
1,train,BraTS20_Training_099
1,train,BraTS20_Training_102
1,train,BraTS20_Training_103
1,train,BraTS20_Training_105
1,train,BraTS20_Training_106
1,train,BraTS20_Training_108
1,train,BraTS20_Training_109
1,train,BraTS20_Training_110
1,train,BraTS20_Training_112
1,train,BraTS20_Training_115
1,train,BraTS20_Training_117
1,train,BraTS20_Training_118
1,train,BraTS20_Training_119
1,train,BraTS20_Training_120
1,train,BraTS20_Training_122
1,train,BraTS20_Training_123
1,train,BraTS20_Training_124
1,train,BraTS20_Training_125
1,train,BraTS20_Training_126
1,train,BraTS20_Training_127
1,train,BraTS20_Training_128
1,train,BraTS20_Training_129
1,train,BraTS20_Training_130
1,train,BraTS20_Training_132
1,train,BraTS20_Training_133
1,train,BraTS20_Training_134
1,train,BraTS20_Training_135
1,train,BraTS20_Training_136
1,train,BraTS20_Training_139
1,train,BraTS20_Training_140
1,train,BraTS20_Training_142
1,train,BraTS20_Training_143
1,train,BraTS20_Training_144
1,train,BraTS20_Training_147
1,train,BraTS20_Training_151
1,train,BraTS20_Training_152
1,train,BraTS20_Training_156
1,train,BraTS20_Training_157
1,train,BraTS20_Training_158
1,train,BraTS20_Training_159
1,train,BraTS20_Training_162
1,train,BraTS20_Training_163
1,train,BraTS20_Training_164
1,train,BraTS20_Training_165
1,train,BraTS20_Training_166
1,train,BraTS20_Training_167
1,train,BraTS20_Training_169
1,train,BraTS20_Training_170
1,train,BraTS20_Training_171
1,train,BraTS20_Training_172
1,train,BraTS20_Training_176
1,train,BraTS20_Training_178
1,train,BraTS20_Training_179
1,train,BraTS20_Training_180
1,train,BraTS20_Training_182
1,train,BraTS20_Training_183
1,train,BraTS20_Training_184
1,train,BraTS20_Training_185
1,train,BraTS20_Training_186
1,train,BraTS20_Training_188
1,train,BraTS20_Training_190
1,train,BraTS20_Training_192
1,train,BraTS20_Training_194
1,train,BraTS20_Training_195
1,train,BraTS20_Training_197
1,train,BraTS20_Training_200
1,train,BraTS20_Training_201
1,train,BraTS20_Training_202
1,train,BraTS20_Training_204
1,train,BraTS20_Training_206
1,train,BraTS20_Training_208
1,train,BraTS20_Training_209
1,train,BraTS20_Training_210
1,train,BraTS20_Training_211
1,train,BraTS20_Training_215
1,train,BraTS20_Training_216
1,train,BraTS20_Training_217
1,train,BraTS20_Training_218
1,train,BraTS20_Training_221
1,train,BraTS20_Training_222
1,train,BraTS20_Training_225
1,train,BraTS20_Training_227
1,train,BraTS20_Training_228
1,train,BraTS20_Training_230
1,train,BraTS20_Training_231
1,train,BraTS20_Training_232
1,train,BraTS20_Training_233
1,train,BraTS20_Training_236
1,train,BraTS20_Training_237
1,train,BraTS20_Training_238
1,train,BraTS20_Training_240
1,train,BraTS20_Training_241
1,train,BraTS20_Training_243
1,train,BraTS20_Training_245
1,train,BraTS20_Training_246
1,train,BraTS20_Training_247
1,train,BraTS20_Training_248
1,train,BraTS20_Training_249
1,train,BraTS20_Training_250
1,train,BraTS20_Training_252
1,train,BraTS20_Training_253
1,train,BraTS20_Training_255
1,train,BraTS20_Training_257
1,train,BraTS20_Training_258
1,train,BraTS20_Training_259
1,train,BraTS20_Training_260
1,train,BraTS20_Training_261
1,train,BraTS20_Training_262
1,train,BraTS20_Training_263
1,train,BraTS20_Training_264
1,train,BraTS20_Training_267
1,train,BraTS20_Training_269
1,train,BraTS20_Training_270
1,train,BraTS20_Training_272
1,train,BraTS20_Training_273
1,train,BraTS20_Training_274
1,train,BraTS20_Training_275
1,train,BraTS20_Training_277
1,train,BraTS20_Training_279
1,train,BraTS20_Training_281
1,train,BraTS20_Training_283
1,train,BraTS20_Training_284
1,train,BraTS20_Training_286
1,train,BraTS20_Training_287
1,train,BraTS20_Training_289
1,train,BraTS20_Training_291
1,train,BraTS20_Training_292
1,train,BraTS20_Training_293
1,train,BraTS20_Training_294
1,train,BraTS20_Training_295
1,train,BraTS20_Training_296
1,train,BraTS20_Training_297
1,train,BraTS20_Training_298
1,train,BraTS20_Training_300
1,train,BraTS20_Training_302
1,train,BraTS20_Training_303
1,train,BraTS20_Training_307
1,train,BraTS20_Training_309
1,train,BraTS20_Training_310
1,train,BraTS20_Training_311
1,train,BraTS20_Training_312
1,train,BraTS20_Training_315
1,train,BraTS20_Training_316
1,train,BraTS20_Training_317
1,train,BraTS20_Training_318
1,train,BraTS20_Training_319
1,train,BraTS20_Training_320
1,train,BraTS20_Training_321
1,train,BraTS20_Training_323
1,train,BraTS20_Training_327
1,train,BraTS20_Training_329
1,train,BraTS20_Training_331
1,train,BraTS20_Training_332
1,train,BraTS20_Training_333
1,train,BraTS20_Training_334
1,train,BraTS20_Training_335
1,train,BraTS20_Training_336
1,train,BraTS20_Training_337
1,train,BraTS20_Training_338
1,train,BraTS20_Training_340
1,train,BraTS20_Training_344
1,train,BraTS20_Training_345
1,train,BraTS20_Training_346
1,train,BraTS20_Training_347
1,train,BraTS20_Training_348
1,train,BraTS20_Training_351
1,train,BraTS20_Training_353
1,train,BraTS20_Training_355
1,train,BraTS20_Training_357
1,train,BraTS20_Training_358
1,train,BraTS20_Training_359
1,train,BraTS20_Training_361
1,train,BraTS20_Training_362
1,train,BraTS20_Training_363
1,train,BraTS20_Training_364
1,train,BraTS20_Training_365
1,train,BraTS20_Training_366
1,val,BraTS20_Training_010
1,val,BraTS20_Training_017
1,val,BraTS20_Training_018
1,val,BraTS20_Training_024
1,val,BraTS20_Training_025
1,val,BraTS20_Training_026
1,val,BraTS20_Training_038
1,val,BraTS20_Training_045
1,val,BraTS20_Training_057
1,val,BraTS20_Training_060
1,val,BraTS20_Training_062
1,val,BraTS20_Training_067
1,val,BraTS20_Training_087
1,val,BraTS20_Training_093
1,val,BraTS20_Training_094
1,val,BraTS20_Training_096
1,val,BraTS20_Training_121
1,val,BraTS20_Training_141
1,val,BraTS20_Training_146
1,val,BraTS20_Training_148
1,val,BraTS20_Training_154
1,val,BraTS20_Training_160
1,val,BraTS20_Training_168
1,val,BraTS20_Training_173
1,val,BraTS20_Training_177
1,val,BraTS20_Training_189
1,val,BraTS20_Training_193
1,val,BraTS20_Training_198
1,val,BraTS20_Training_199
1,val,BraTS20_Training_212
1,val,BraTS20_Training_213
1,val,BraTS20_Training_219
1,val,BraTS20_Training_220
1,val,BraTS20_Training_234
1,val,BraTS20_Training_235
1,val,BraTS20_Training_242
1,val,BraTS20_Training_254
1,val,BraTS20_Training_256
1,val,BraTS20_Training_265
1,val,BraTS20_Training_268
1,val,BraTS20_Training_271
1,val,BraTS20_Training_276
1,val,BraTS20_Training_278
1,val,BraTS20_Training_280
1,val,BraTS20_Training_282
1,val,BraTS20_Training_288
1,val,BraTS20_Training_290
1,val,BraTS20_Training_305
1,val,BraTS20_Training_306
1,val,BraTS20_Training_313
1,val,BraTS20_Training_314
1,val,BraTS20_Training_322
1,val,BraTS20_Training_324
1,val,BraTS20_Training_325
1,val,BraTS20_Training_326
1,val,BraTS20_Training_339
1,val,BraTS20_Training_342
1,val,BraTS20_Training_350
1,val,BraTS20_Training_367
2,train,BraTS20_Training_001
2,train,BraTS20_Training_004
2,train,BraTS20_Training_006
2,train,BraTS20_Training_007
2,train,BraTS20_Training_008
2,train,BraTS20_Training_009
2,train,BraTS20_Training_010
2,train,BraTS20_Training_013
2,train,BraTS20_Training_014
2,train,BraTS20_Training_015
2,train,BraTS20_Training_017
2,train,BraTS20_Training_018
2,train,BraTS20_Training_022
2,train,BraTS20_Training_024
2,train,BraTS20_Training_025
2,train,BraTS20_Training_026
2,train,BraTS20_Training_027
2,train,BraTS20_Training_030
2,train,BraTS20_Training_031
2,train,BraTS20_Training_033
2,train,BraTS20_Training_038
2,train,BraTS20_Training_043
2,train,BraTS20_Training_044
2,train,BraTS20_Training_045
2,train,BraTS20_Training_046
2,train,BraTS20_Training_047
2,train,BraTS20_Training_048
2,train,BraTS20_Training_050
2,train,BraTS20_Training_052
2,train,BraTS20_Training_054
2,train,BraTS20_Training_055
2,train,BraTS20_Training_057
2,train,BraTS20_Training_058
2,train,BraTS20_Training_059
2,train,BraTS20_Training_060
2,train,BraTS20_Training_061
2,train,BraTS20_Training_062
2,train,BraTS20_Training_063
2,train,BraTS20_Training_064
2,train,BraTS20_Training_065
2,train,BraTS20_Training_067
2,train,BraTS20_Training_068
2,train,BraTS20_Training_071
2,train,BraTS20_Training_072
2,train,BraTS20_Training_073
2,train,BraTS20_Training_075
2,train,BraTS20_Training_077
2,train,BraTS20_Training_078
2,train,BraTS20_Training_079
2,train,BraTS20_Training_080
2,train,BraTS20_Training_082
2,train,BraTS20_Training_083
2,train,BraTS20_Training_084
2,train,BraTS20_Training_085
2,train,BraTS20_Training_087
2,train,BraTS20_Training_090
2,train,BraTS20_Training_091
2,train,BraTS20_Training_092
2,train,BraTS20_Training_093
2,train,BraTS20_Training_094
2,train,BraTS20_Training_095
2,train,BraTS20_Training_096
2,train,BraTS20_Training_097
2,train,BraTS20_Training_099
2,train,BraTS20_Training_102
2,train,BraTS20_Training_103
2,train,BraTS20_Training_108
2,train,BraTS20_Training_109
2,train,BraTS20_Training_110
2,train,BraTS20_Training_112
2,train,BraTS20_Training_117
2,train,BraTS20_Training_119
2,train,BraTS20_Training_120
2,train,BraTS20_Training_121
2,train,BraTS20_Training_123
2,train,BraTS20_Training_129
2,train,BraTS20_Training_132
2,train,BraTS20_Training_133
2,train,BraTS20_Training_134
2,train,BraTS20_Training_135
2,train,BraTS20_Training_136
2,train,BraTS20_Training_140
2,train,BraTS20_Training_141
2,train,BraTS20_Training_142
2,train,BraTS20_Training_143
2,train,BraTS20_Training_146
2,train,BraTS20_Training_147
2,train,BraTS20_Training_148
2,train,BraTS20_Training_151
2,train,BraTS20_Training_152
2,train,BraTS20_Training_154
2,train,BraTS20_Training_156
2,train,BraTS20_Training_158
2,train,BraTS20_Training_159
2,train,BraTS20_Training_160
2,train,BraTS20_Training_162
2,train,BraTS20_Training_164
2,train,BraTS20_Training_165
2,train,BraTS20_Training_166
2,train,BraTS20_Training_168
2,train,BraTS20_Training_169
2,train,BraTS20_Training_170
2,train,BraTS20_Training_171
2,train,BraTS20_Training_173
2,train,BraTS20_Training_176
2,train,BraTS20_Training_177
2,train,BraTS20_Training_179
2,train,BraTS20_Training_180
2,train,BraTS20_Training_182
2,train,BraTS20_Training_184
2,train,BraTS20_Training_185
2,train,BraTS20_Training_186
2,train,BraTS20_Training_188
2,train,BraTS20_Training_189
2,train,BraTS20_Training_192
2,train,BraTS20_Training_193
2,train,BraTS20_Training_194
2,train,BraTS20_Training_195
2,train,BraTS20_Training_197
2,train,BraTS20_Training_198
2,train,BraTS20_Training_199
2,train,BraTS20_Training_200
2,train,BraTS20_Training_201
2,train,BraTS20_Training_202
2,train,BraTS20_Training_206
2,train,BraTS20_Training_208
2,train,BraTS20_Training_211
2,train,BraTS20_Training_212
2,train,BraTS20_Training_213
2,train,BraTS20_Training_215
2,train,BraTS20_Training_216
2,train,BraTS20_Training_217
2,train,BraTS20_Training_218
2,train,BraTS20_Training_219
2,train,BraTS20_Training_220
2,train,BraTS20_Training_221
2,train,BraTS20_Training_222
2,train,BraTS20_Training_225
2,train,BraTS20_Training_228
2,train,BraTS20_Training_231
2,train,BraTS20_Training_232
2,train,BraTS20_Training_233
2,train,BraTS20_Training_234
2,train,BraTS20_Training_235
2,train,BraTS20_Training_236
2,train,BraTS20_Training_241
2,train,BraTS20_Training_242
2,train,BraTS20_Training_243
2,train,BraTS20_Training_245
2,train,BraTS20_Training_246
2,train,BraTS20_Training_247
2,train,BraTS20_Training_249
2,train,BraTS20_Training_252
2,train,BraTS20_Training_253
2,train,BraTS20_Training_254
2,train,BraTS20_Training_255
2,train,BraTS20_Training_256
2,train,BraTS20_Training_257
2,train,BraTS20_Training_258
2,train,BraTS20_Training_259
2,train,BraTS20_Training_260
2,train,BraTS20_Training_261
2,train,BraTS20_Training_264
2,train,BraTS20_Training_265
2,train,BraTS20_Training_267
2,train,BraTS20_Training_268
2,train,BraTS20_Training_269
2,train,BraTS20_Training_270
2,train,BraTS20_Training_271
2,train,BraTS20_Training_272
2,train,BraTS20_Training_273
2,train,BraTS20_Training_274
2,train,BraTS20_Training_276
2,train,BraTS20_Training_277
2,train,BraTS20_Training_278
2,train,BraTS20_Training_279
2,train,BraTS20_Training_280
2,train,BraTS20_Training_282
2,train,BraTS20_Training_283
2,train,BraTS20_Training_286
2,train,BraTS20_Training_287
2,train,BraTS20_Training_288
2,train,BraTS20_Training_289
2,train,BraTS20_Training_290
2,train,BraTS20_Training_291
2,train,BraTS20_Training_293
2,train,BraTS20_Training_294
2,train,BraTS20_Training_295
2,train,BraTS20_Training_296
2,train,BraTS20_Training_297
2,train,BraTS20_Training_298
2,train,BraTS20_Training_300
2,train,BraTS20_Training_302
2,train,BraTS20_Training_305
2,train,BraTS20_Training_306
2,train,BraTS20_Training_309
2,train,BraTS20_Training_310
2,train,BraTS20_Training_311
2,train,BraTS20_Training_312
2,train,BraTS20_Training_313
2,train,BraTS20_Training_314
2,train,BraTS20_Training_315
2,train,BraTS20_Training_316
2,train,BraTS20_Training_317
2,train,BraTS20_Training_318
2,train,BraTS20_Training_321
2,train,BraTS20_Training_322
2,train,BraTS20_Training_323
2,train,BraTS20_Training_324
2,train,BraTS20_Training_325
2,train,BraTS20_Training_326
2,train,BraTS20_Training_327
2,train,BraTS20_Training_329
2,train,BraTS20_Training_331
2,train,BraTS20_Training_332
2,train,BraTS20_Training_333
2,train,BraTS20_Training_335
2,train,BraTS20_Training_337
2,train,BraTS20_Training_338
2,train,BraTS20_Training_339
2,train,BraTS20_Training_340
2,train,BraTS20_Training_342
2,train,BraTS20_Training_344
2,train,BraTS20_Training_346
2,train,BraTS20_Training_348
2,train,BraTS20_Training_350
2,train,BraTS20_Training_355
2,train,BraTS20_Training_358
2,train,BraTS20_Training_359
2,train,BraTS20_Training_361
2,train,BraTS20_Training_362
2,train,BraTS20_Training_363
2,train,BraTS20_Training_364
2,train,BraTS20_Training_365
2,train,BraTS20_Training_366
2,train,BraTS20_Training_367
2,val,BraTS20_Training_002
2,val,BraTS20_Training_003
2,val,BraTS20_Training_005
2,val,BraTS20_Training_016
2,val,BraTS20_Training_034
2,val,BraTS20_Training_035
2,val,BraTS20_Training_037
2,val,BraTS20_Training_040
2,val,BraTS20_Training_066
2,val,BraTS20_Training_070
2,val,BraTS20_Training_076
2,val,BraTS20_Training_081
2,val,BraTS20_Training_105
2,val,BraTS20_Training_106
2,val,BraTS20_Training_115
2,val,BraTS20_Training_118
2,val,BraTS20_Training_122
2,val,BraTS20_Training_124
2,val,BraTS20_Training_125
2,val,BraTS20_Training_126
2,val,BraTS20_Training_127
2,val,BraTS20_Training_128
2,val,BraTS20_Training_130
2,val,BraTS20_Training_139
2,val,BraTS20_Training_144
2,val,BraTS20_Training_157
2,val,BraTS20_Training_163
2,val,BraTS20_Training_167
2,val,BraTS20_Training_172
2,val,BraTS20_Training_178
2,val,BraTS20_Training_183
2,val,BraTS20_Training_190
2,val,BraTS20_Training_204
2,val,BraTS20_Training_209
2,val,BraTS20_Training_210
2,val,BraTS20_Training_227
2,val,BraTS20_Training_230
2,val,BraTS20_Training_237
2,val,BraTS20_Training_238
2,val,BraTS20_Training_240
2,val,BraTS20_Training_248
2,val,BraTS20_Training_250
2,val,BraTS20_Training_262
2,val,BraTS20_Training_263
2,val,BraTS20_Training_275
2,val,BraTS20_Training_281
2,val,BraTS20_Training_284
2,val,BraTS20_Training_292
2,val,BraTS20_Training_303
2,val,BraTS20_Training_307
2,val,BraTS20_Training_319
2,val,BraTS20_Training_320
2,val,BraTS20_Training_334
2,val,BraTS20_Training_336
2,val,BraTS20_Training_345
2,val,BraTS20_Training_347
2,val,BraTS20_Training_351
2,val,BraTS20_Training_353
2,val,BraTS20_Training_357
3,train,BraTS20_Training_002
3,train,BraTS20_Training_003
3,train,BraTS20_Training_005
3,train,BraTS20_Training_006
3,train,BraTS20_Training_010
3,train,BraTS20_Training_013
3,train,BraTS20_Training_014
3,train,BraTS20_Training_015
3,train,BraTS20_Training_016
3,train,BraTS20_Training_017
3,train,BraTS20_Training_018
3,train,BraTS20_Training_022
3,train,BraTS20_Training_024
3,train,BraTS20_Training_025
3,train,BraTS20_Training_026
3,train,BraTS20_Training_027
3,train,BraTS20_Training_031
3,train,BraTS20_Training_033
3,train,BraTS20_Training_034
3,train,BraTS20_Training_035
3,train,BraTS20_Training_037
3,train,BraTS20_Training_038
3,train,BraTS20_Training_040
3,train,BraTS20_Training_043
3,train,BraTS20_Training_044
3,train,BraTS20_Training_045
3,train,BraTS20_Training_047
3,train,BraTS20_Training_048
3,train,BraTS20_Training_050
3,train,BraTS20_Training_052
3,train,BraTS20_Training_055
3,train,BraTS20_Training_057
3,train,BraTS20_Training_058
3,train,BraTS20_Training_059
3,train,BraTS20_Training_060
3,train,BraTS20_Training_061
3,train,BraTS20_Training_062
3,train,BraTS20_Training_065
3,train,BraTS20_Training_066
3,train,BraTS20_Training_067
3,train,BraTS20_Training_068
3,train,BraTS20_Training_070
3,train,BraTS20_Training_071
3,train,BraTS20_Training_072
3,train,BraTS20_Training_073
3,train,BraTS20_Training_075
3,train,BraTS20_Training_076
3,train,BraTS20_Training_077
3,train,BraTS20_Training_079
3,train,BraTS20_Training_081
3,train,BraTS20_Training_082
3,train,BraTS20_Training_084
3,train,BraTS20_Training_087
3,train,BraTS20_Training_090
3,train,BraTS20_Training_091
3,train,BraTS20_Training_093
3,train,BraTS20_Training_094
3,train,BraTS20_Training_095
3,train,BraTS20_Training_096
3,train,BraTS20_Training_097
3,train,BraTS20_Training_099
3,train,BraTS20_Training_102
3,train,BraTS20_Training_103
3,train,BraTS20_Training_105
3,train,BraTS20_Training_106
3,train,BraTS20_Training_108
3,train,BraTS20_Training_109
3,train,BraTS20_Training_110
3,train,BraTS20_Training_112
3,train,BraTS20_Training_115
3,train,BraTS20_Training_117
3,train,BraTS20_Training_118
3,train,BraTS20_Training_119
3,train,BraTS20_Training_120
3,train,BraTS20_Training_121
3,train,BraTS20_Training_122
3,train,BraTS20_Training_123
3,train,BraTS20_Training_124
3,train,BraTS20_Training_125
3,train,BraTS20_Training_126
3,train,BraTS20_Training_127
3,train,BraTS20_Training_128
3,train,BraTS20_Training_129
3,train,BraTS20_Training_130
3,train,BraTS20_Training_132
3,train,BraTS20_Training_133
3,train,BraTS20_Training_134
3,train,BraTS20_Training_136
3,train,BraTS20_Training_139
3,train,BraTS20_Training_140
3,train,BraTS20_Training_141
3,train,BraTS20_Training_142
3,train,BraTS20_Training_143
3,train,BraTS20_Training_144
3,train,BraTS20_Training_146
3,train,BraTS20_Training_148
3,train,BraTS20_Training_151
3,train,BraTS20_Training_154
3,train,BraTS20_Training_157
3,train,BraTS20_Training_158
3,train,BraTS20_Training_159
3,train,BraTS20_Training_160
3,train,BraTS20_Training_163
3,train,BraTS20_Training_165
3,train,BraTS20_Training_167
3,train,BraTS20_Training_168
3,train,BraTS20_Training_169
3,train,BraTS20_Training_170
3,train,BraTS20_Training_171
3,train,BraTS20_Training_172
3,train,BraTS20_Training_173
3,train,BraTS20_Training_176
3,train,BraTS20_Training_177
3,train,BraTS20_Training_178
3,train,BraTS20_Training_182
3,train,BraTS20_Training_183
3,train,BraTS20_Training_184
3,train,BraTS20_Training_185
3,train,BraTS20_Training_186
3,train,BraTS20_Training_188
3,train,BraTS20_Training_189
3,train,BraTS20_Training_190
3,train,BraTS20_Training_192
3,train,BraTS20_Training_193
3,train,BraTS20_Training_194
3,train,BraTS20_Training_197
3,train,BraTS20_Training_198
3,train,BraTS20_Training_199
3,train,BraTS20_Training_202
3,train,BraTS20_Training_204
3,train,BraTS20_Training_206
3,train,BraTS20_Training_209
3,train,BraTS20_Training_210
3,train,BraTS20_Training_211
3,train,BraTS20_Training_212
3,train,BraTS20_Training_213
3,train,BraTS20_Training_215
3,train,BraTS20_Training_216
3,train,BraTS20_Training_217
3,train,BraTS20_Training_218
3,train,BraTS20_Training_219
3,train,BraTS20_Training_220
3,train,BraTS20_Training_221
3,train,BraTS20_Training_227
3,train,BraTS20_Training_228
3,train,BraTS20_Training_230
3,train,BraTS20_Training_231
3,train,BraTS20_Training_233
3,train,BraTS20_Training_234
3,train,BraTS20_Training_235
3,train,BraTS20_Training_236
3,train,BraTS20_Training_237
3,train,BraTS20_Training_238
3,train,BraTS20_Training_240
3,train,BraTS20_Training_242
3,train,BraTS20_Training_243
3,train,BraTS20_Training_245
3,train,BraTS20_Training_246
3,train,BraTS20_Training_248
3,train,BraTS20_Training_250
3,train,BraTS20_Training_254
3,train,BraTS20_Training_256
3,train,BraTS20_Training_259
3,train,BraTS20_Training_260
3,train,BraTS20_Training_262
3,train,BraTS20_Training_263
3,train,BraTS20_Training_265
3,train,BraTS20_Training_267
3,train,BraTS20_Training_268
3,train,BraTS20_Training_269
3,train,BraTS20_Training_271
3,train,BraTS20_Training_272
3,train,BraTS20_Training_273
3,train,BraTS20_Training_274
3,train,BraTS20_Training_275
3,train,BraTS20_Training_276
3,train,BraTS20_Training_278
3,train,BraTS20_Training_280
3,train,BraTS20_Training_281
3,train,BraTS20_Training_282
3,train,BraTS20_Training_283
3,train,BraTS20_Training_284
3,train,BraTS20_Training_286
3,train,BraTS20_Training_287
3,train,BraTS20_Training_288
3,train,BraTS20_Training_289
3,train,BraTS20_Training_290
3,train,BraTS20_Training_291
3,train,BraTS20_Training_292
3,train,BraTS20_Training_293
3,train,BraTS20_Training_295
3,train,BraTS20_Training_296
3,train,BraTS20_Training_297
3,train,BraTS20_Training_300
3,train,BraTS20_Training_303
3,train,BraTS20_Training_305
3,train,BraTS20_Training_306
3,train,BraTS20_Training_307
3,train,BraTS20_Training_311
3,train,BraTS20_Training_312
3,train,BraTS20_Training_313
3,train,BraTS20_Training_314
3,train,BraTS20_Training_315
3,train,BraTS20_Training_316
3,train,BraTS20_Training_318
3,train,BraTS20_Training_319
3,train,BraTS20_Training_320
3,train,BraTS20_Training_321
3,train,BraTS20_Training_322
3,train,BraTS20_Training_323
3,train,BraTS20_Training_324
3,train,BraTS20_Training_325
3,train,BraTS20_Training_326
3,train,BraTS20_Training_327
3,train,BraTS20_Training_333
3,train,BraTS20_Training_334
3,train,BraTS20_Training_335
3,train,BraTS20_Training_336
3,train,BraTS20_Training_337
3,train,BraTS20_Training_339
3,train,BraTS20_Training_342
3,train,BraTS20_Training_344
3,train,BraTS20_Training_345
3,train,BraTS20_Training_347
3,train,BraTS20_Training_350
3,train,BraTS20_Training_351
3,train,BraTS20_Training_353
3,train,BraTS20_Training_355
3,train,BraTS20_Training_357
3,train,BraTS20_Training_358
3,train,BraTS20_Training_359
3,train,BraTS20_Training_361
3,train,BraTS20_Training_364
3,train,BraTS20_Training_365
3,train,BraTS20_Training_366
3,train,BraTS20_Training_367
3,val,BraTS20_Training_001
3,val,BraTS20_Training_004
3,val,BraTS20_Training_007
3,val,BraTS20_Training_008
3,val,BraTS20_Training_009
3,val,BraTS20_Training_030
3,val,BraTS20_Training_046
3,val,BraTS20_Training_054
3,val,BraTS20_Training_063
3,val,BraTS20_Training_064
3,val,BraTS20_Training_078
3,val,BraTS20_Training_080
3,val,BraTS20_Training_083
3,val,BraTS20_Training_085
3,val,BraTS20_Training_092
3,val,BraTS20_Training_135
3,val,BraTS20_Training_147
3,val,BraTS20_Training_152
3,val,BraTS20_Training_156
3,val,BraTS20_Training_162
3,val,BraTS20_Training_164
3,val,BraTS20_Training_166
3,val,BraTS20_Training_179
3,val,BraTS20_Training_180
3,val,BraTS20_Training_195
3,val,BraTS20_Training_200
3,val,BraTS20_Training_201
3,val,BraTS20_Training_208
3,val,BraTS20_Training_222
3,val,BraTS20_Training_225
3,val,BraTS20_Training_232
3,val,BraTS20_Training_241
3,val,BraTS20_Training_247
3,val,BraTS20_Training_249
3,val,BraTS20_Training_252
3,val,BraTS20_Training_253
3,val,BraTS20_Training_255
3,val,BraTS20_Training_257
3,val,BraTS20_Training_258
3,val,BraTS20_Training_261
3,val,BraTS20_Training_264
3,val,BraTS20_Training_270
3,val,BraTS20_Training_277
3,val,BraTS20_Training_279
3,val,BraTS20_Training_294
3,val,BraTS20_Training_298
3,val,BraTS20_Training_302
3,val,BraTS20_Training_309
3,val,BraTS20_Training_310
3,val,BraTS20_Training_317
3,val,BraTS20_Training_329
3,val,BraTS20_Training_331
3,val,BraTS20_Training_332
3,val,BraTS20_Training_338
3,val,BraTS20_Training_340
3,val,BraTS20_Training_346
3,val,BraTS20_Training_348
3,val,BraTS20_Training_362
3,val,BraTS20_Training_363
4,train,BraTS20_Training_001
4,train,BraTS20_Training_002
4,train,BraTS20_Training_003
4,train,BraTS20_Training_004
4,train,BraTS20_Training_005
4,train,BraTS20_Training_007
4,train,BraTS20_Training_008
4,train,BraTS20_Training_009
4,train,BraTS20_Training_010
4,train,BraTS20_Training_013
4,train,BraTS20_Training_014
4,train,BraTS20_Training_016
4,train,BraTS20_Training_017
4,train,BraTS20_Training_018
4,train,BraTS20_Training_022
4,train,BraTS20_Training_024
4,train,BraTS20_Training_025
4,train,BraTS20_Training_026
4,train,BraTS20_Training_027
4,train,BraTS20_Training_030
4,train,BraTS20_Training_034
4,train,BraTS20_Training_035
4,train,BraTS20_Training_037
4,train,BraTS20_Training_038
4,train,BraTS20_Training_040
4,train,BraTS20_Training_044
4,train,BraTS20_Training_045
4,train,BraTS20_Training_046
4,train,BraTS20_Training_047
4,train,BraTS20_Training_050
4,train,BraTS20_Training_054
4,train,BraTS20_Training_057
4,train,BraTS20_Training_058
4,train,BraTS20_Training_060
4,train,BraTS20_Training_062
4,train,BraTS20_Training_063
4,train,BraTS20_Training_064
4,train,BraTS20_Training_065
4,train,BraTS20_Training_066
4,train,BraTS20_Training_067
4,train,BraTS20_Training_068
4,train,BraTS20_Training_070
4,train,BraTS20_Training_071
4,train,BraTS20_Training_072
4,train,BraTS20_Training_073
4,train,BraTS20_Training_075
4,train,BraTS20_Training_076
4,train,BraTS20_Training_077
4,train,BraTS20_Training_078
4,train,BraTS20_Training_080
4,train,BraTS20_Training_081
4,train,BraTS20_Training_083
4,train,BraTS20_Training_085
4,train,BraTS20_Training_087
4,train,BraTS20_Training_090
4,train,BraTS20_Training_091
4,train,BraTS20_Training_092
4,train,BraTS20_Training_093
4,train,BraTS20_Training_094
4,train,BraTS20_Training_096
4,train,BraTS20_Training_099
4,train,BraTS20_Training_105
4,train,BraTS20_Training_106
4,train,BraTS20_Training_115
4,train,BraTS20_Training_117
4,train,BraTS20_Training_118
4,train,BraTS20_Training_119
4,train,BraTS20_Training_121
4,train,BraTS20_Training_122
4,train,BraTS20_Training_124
4,train,BraTS20_Training_125
4,train,BraTS20_Training_126
4,train,BraTS20_Training_127
4,train,BraTS20_Training_128
4,train,BraTS20_Training_129
4,train,BraTS20_Training_130
4,train,BraTS20_Training_132
4,train,BraTS20_Training_133
4,train,BraTS20_Training_134
4,train,BraTS20_Training_135
4,train,BraTS20_Training_136
4,train,BraTS20_Training_139
4,train,BraTS20_Training_141
4,train,BraTS20_Training_144
4,train,BraTS20_Training_146
4,train,BraTS20_Training_147
4,train,BraTS20_Training_148
4,train,BraTS20_Training_151
4,train,BraTS20_Training_152
4,train,BraTS20_Training_154
4,train,BraTS20_Training_156
4,train,BraTS20_Training_157
4,train,BraTS20_Training_160
4,train,BraTS20_Training_162
4,train,BraTS20_Training_163
4,train,BraTS20_Training_164
4,train,BraTS20_Training_166
4,train,BraTS20_Training_167
4,train,BraTS20_Training_168
4,train,BraTS20_Training_169
4,train,BraTS20_Training_171
4,train,BraTS20_Training_172
4,train,BraTS20_Training_173
4,train,BraTS20_Training_177
4,train,BraTS20_Training_178
4,train,BraTS20_Training_179
4,train,BraTS20_Training_180
4,train,BraTS20_Training_183
4,train,BraTS20_Training_184
4,train,BraTS20_Training_185
4,train,BraTS20_Training_189
4,train,BraTS20_Training_190
4,train,BraTS20_Training_193
4,train,BraTS20_Training_194
4,train,BraTS20_Training_195
4,train,BraTS20_Training_197
4,train,BraTS20_Training_198
4,train,BraTS20_Training_199
4,train,BraTS20_Training_200
4,train,BraTS20_Training_201
4,train,BraTS20_Training_204
4,train,BraTS20_Training_206
4,train,BraTS20_Training_208
4,train,BraTS20_Training_209
4,train,BraTS20_Training_210
4,train,BraTS20_Training_211
4,train,BraTS20_Training_212
4,train,BraTS20_Training_213
4,train,BraTS20_Training_215
4,train,BraTS20_Training_216
4,train,BraTS20_Training_218
4,train,BraTS20_Training_219
4,train,BraTS20_Training_220
4,train,BraTS20_Training_221
4,train,BraTS20_Training_222
4,train,BraTS20_Training_225
4,train,BraTS20_Training_227
4,train,BraTS20_Training_228
4,train,BraTS20_Training_230
4,train,BraTS20_Training_231
4,train,BraTS20_Training_232
4,train,BraTS20_Training_234
4,train,BraTS20_Training_235
4,train,BraTS20_Training_236
4,train,BraTS20_Training_237
4,train,BraTS20_Training_238
4,train,BraTS20_Training_240
4,train,BraTS20_Training_241
4,train,BraTS20_Training_242
4,train,BraTS20_Training_243
4,train,BraTS20_Training_245
4,train,BraTS20_Training_247
4,train,BraTS20_Training_248
4,train,BraTS20_Training_249
4,train,BraTS20_Training_250
4,train,BraTS20_Training_252
4,train,BraTS20_Training_253
4,train,BraTS20_Training_254
4,train,BraTS20_Training_255
4,train,BraTS20_Training_256
4,train,BraTS20_Training_257
4,train,BraTS20_Training_258
4,train,BraTS20_Training_260
4,train,BraTS20_Training_261
4,train,BraTS20_Training_262
4,train,BraTS20_Training_263
4,train,BraTS20_Training_264
4,train,BraTS20_Training_265
4,train,BraTS20_Training_268
4,train,BraTS20_Training_270
4,train,BraTS20_Training_271
4,train,BraTS20_Training_272
4,train,BraTS20_Training_273
4,train,BraTS20_Training_274
4,train,BraTS20_Training_275
4,train,BraTS20_Training_276
4,train,BraTS20_Training_277
4,train,BraTS20_Training_278
4,train,BraTS20_Training_279
4,train,BraTS20_Training_280
4,train,BraTS20_Training_281
4,train,BraTS20_Training_282
4,train,BraTS20_Training_284
4,train,BraTS20_Training_287
4,train,BraTS20_Training_288
4,train,BraTS20_Training_289
4,train,BraTS20_Training_290
4,train,BraTS20_Training_292
4,train,BraTS20_Training_293
4,train,BraTS20_Training_294
4,train,BraTS20_Training_296
4,train,BraTS20_Training_297
4,train,BraTS20_Training_298
4,train,BraTS20_Training_300
4,train,BraTS20_Training_302
4,train,BraTS20_Training_303
4,train,BraTS20_Training_305
4,train,BraTS20_Training_306
4,train,BraTS20_Training_307
4,train,BraTS20_Training_309
4,train,BraTS20_Training_310
4,train,BraTS20_Training_312
4,train,BraTS20_Training_313
4,train,BraTS20_Training_314
4,train,BraTS20_Training_317
4,train,BraTS20_Training_319
4,train,BraTS20_Training_320
4,train,BraTS20_Training_322
4,train,BraTS20_Training_324
4,train,BraTS20_Training_325
4,train,BraTS20_Training_326
4,train,BraTS20_Training_329
4,train,BraTS20_Training_331
4,train,BraTS20_Training_332
4,train,BraTS20_Training_334
4,train,BraTS20_Training_335
4,train,BraTS20_Training_336
4,train,BraTS20_Training_337
4,train,BraTS20_Training_338
4,train,BraTS20_Training_339
4,train,BraTS20_Training_340
4,train,BraTS20_Training_342
4,train,BraTS20_Training_344
4,train,BraTS20_Training_345
4,train,BraTS20_Training_346
4,train,BraTS20_Training_347
4,train,BraTS20_Training_348
4,train,BraTS20_Training_350
4,train,BraTS20_Training_351
4,train,BraTS20_Training_353
4,train,BraTS20_Training_357
4,train,BraTS20_Training_359
4,train,BraTS20_Training_362
4,train,BraTS20_Training_363
4,train,BraTS20_Training_366
4,train,BraTS20_Training_367
4,val,BraTS20_Training_006
4,val,BraTS20_Training_015
4,val,BraTS20_Training_031
4,val,BraTS20_Training_033
4,val,BraTS20_Training_043
4,val,BraTS20_Training_048
4,val,BraTS20_Training_052
4,val,BraTS20_Training_055
4,val,BraTS20_Training_059
4,val,BraTS20_Training_061
4,val,BraTS20_Training_079
4,val,BraTS20_Training_082
4,val,BraTS20_Training_084
4,val,BraTS20_Training_095
4,val,BraTS20_Training_097
4,val,BraTS20_Training_102
4,val,BraTS20_Training_103
4,val,BraTS20_Training_108
4,val,BraTS20_Training_109
4,val,BraTS20_Training_110
4,val,BraTS20_Training_112
4,val,BraTS20_Training_120
4,val,BraTS20_Training_123
4,val,BraTS20_Training_140
4,val,BraTS20_Training_142
4,val,BraTS20_Training_143
4,val,BraTS20_Training_158
4,val,BraTS20_Training_159
4,val,BraTS20_Training_165
4,val,BraTS20_Training_170
4,val,BraTS20_Training_176
4,val,BraTS20_Training_182
4,val,BraTS20_Training_186
4,val,BraTS20_Training_188
4,val,BraTS20_Training_192
4,val,BraTS20_Training_202
4,val,BraTS20_Training_217
4,val,BraTS20_Training_233
4,val,BraTS20_Training_246
4,val,BraTS20_Training_259
4,val,BraTS20_Training_267
4,val,BraTS20_Training_269
4,val,BraTS20_Training_283
4,val,BraTS20_Training_286
4,val,BraTS20_Training_291
4,val,BraTS20_Training_295
4,val,BraTS20_Training_311
4,val,BraTS20_Training_315
4,val,BraTS20_Training_316
4,val,BraTS20_Training_318
4,val,BraTS20_Training_321
4,val,BraTS20_Training_323
4,val,BraTS20_Training_327
4,val,BraTS20_Training_333
4,val,BraTS20_Training_355
4,val,BraTS20_Training_358
4,val,BraTS20_Training_361
4,val,BraTS20_Training_364
4,val,BraTS20_Training_365
